Year,UNIT_MEASURE,Врста школе,Пол,Value
2011,Број,Оба пола,Оба пола,163284
2012,Број,Оба пола,Оба пола,166662
2013,Број,Оба пола,Оба пола,156350
2014,Број,Оба пола,Оба пола,143881
2015,Број,Оба пола,Оба пола,133228
2016,Број,Оба пола,Оба пола,126824
2017,Број,Оба пола,Оба пола,124148
2018,Број,Оба пола,Оба пола,117475
2019,Број,Оба пола,Оба пола,112796
2020,Број,Оба пола,Оба пола,110404
2021,Број,Оба пола,Оба пола,108257
2011,Број,Гимназија,Оба пола,41081
2012,Број,Гимназија,Оба пола,42225
2013,Број,Гимназија,Оба пола,40065
2014,Број,Гимназија,Оба пола,37132
2015,Број,Гимназија,Оба пола,33321
2016,Број,Гимназија,Оба пола,30615
2017,Број,Гимназија,Оба пола,29591
2018,Број,Гимназија,Оба пола,26731
2019,Број,Гимназија,Оба пола,24817
2020,Број,Гимназија,Оба пола,23867
2021,Број,Гимназија,Оба пола,22685
2011,Број,Техничке школе,Оба пола,83704
2012,Број,Техничке школе,Оба пола,86539
2013,Број,Техничке школе,Оба пола,82743
2014,Број,Техничке школе,Оба пола,77388
2015,Број,Техничке школе,Оба пола,72109
2016,Број,Техничке школе,Оба пола,68743
2017,Број,Техничке школе,Оба пола,67895
2018,Број,Техничке школе,Оба пола,64706
2019,Број,Техничке школе,Оба пола,62846
2020,Број,Техничке школе,Оба пола,61811
2021,Број,Техничке школе,Оба пола,61489
2011,Број,Умјетничке школе,Оба пола,1514
2012,Број,Умјетничке школе,Оба пола,1520
2013,Број,Умјетничке школе,Оба пола,1445
2014,Број,Умјетничке школе,Оба пола,1291
2015,Број,Умјетничке школе,Оба пола,1216
2016,Број,Умјетничке школе,Оба пола,1203
2017,Број,Умјетничке школе,Оба пола,1154
2018,Број,Умјетничке школе,Оба пола,1166
2019,Број,Умјетничке школе,Оба пола,1139
2020,Број,Умјетничке школе,Оба пола,1151
2021,Број,Умјетничке школе,Оба пола,1355
2011,Број,Вјерске школе,Оба пола,2095
2012,Број,Вјерске школе,Оба пола,2266
2013,Број,Вјерске школе,Оба пола,2258
2014,Број,Вјерске школе,Оба пола,2222
2015,Број,Вјерске школе,Оба пола,2189
2016,Број,Вјерске школе,Оба пола,2227
2017,Број,Вјерске школе,Оба пола,2309
2018,Број,Вјерске школе,Оба пола,2245
2019,Број,Вјерске школе,Оба пола,2197
2020,Број,Вјерске школе,Оба пола,2196
2021,Број,Вјерске школе,Оба пола,2150
2011,Број,Стручне школ,Оба пола,34479
2012,Број,Стручне школ,Оба пола,33672
2013,Број,Стручне школ,Оба пола,29414
2014,Број,Стручне школ,Оба пола,25463
2015,Број,Стручне школ,Оба пола,23995
2016,Број,Стручне школ,Оба пола,23642
2017,Број,Стручне школ,Оба пола,22819
2018,Број,Стручне школ,Оба пола,22280
2019,Број,Стручне школ,Оба пола,21481
2020,Број,Стручне школ,Оба пола,21054
2021,Број,Стручне школ,Оба пола,20310
2011,Број,Средње школе за дјецу са посебним потребама,Оба пола,411
2012,Број,Средње школе за дјецу са посебним потребама,Оба пола,440
2013,Број,Средње школе за дјецу са посебним потребама,Оба пола,425
2014,Број,Средње школе за дјецу са посебним потребама,Оба пола,385
2015,Број,Средње школе за дјецу са посебним потребама,Оба пола,398
2016,Број,Средње школе за дјецу са посебним потребама,Оба пола,394
2017,Број,Средње школе за дјецу са посебним потребама,Оба пола,380
2018,Број,Средње школе за дјецу са посебним потребама,Оба пола,347
2019,Број,Средње школе за дјецу са посебним потребама,Оба пола,316
2020,Број,Средње школе за дјецу са посебним потребама,Оба пола,325
2021,Број,Средње школе за дјецу са посебним потребама,Оба пола,268
2011,Број,Оба пола,M,82745
2012,Број,Оба пола,M,84420
2013,Број,Оба пола,M,78882
2014,Број,Оба пола,M,72095
2015,Број,Оба пола,M,66708
2016,Број,Оба пола,M,63232
2017,Број,Оба пола,M,61934
2018,Број,Оба пола,M,58821
2019,Број,Оба пола,M,56328
2020,Број,Оба пола,M,55068
2021,Број,Оба пола,M,53916
2011,Број,Гимназија,M,15329
2012,Број,Гимназија,M,15779
2013,Број,Гимназија,M,14829
2014,Број,Гимназија,M,13802
2015,Број,Гимназија,M,12424
2016,Број,Гимназија,M,11379
2017,Број,Гимназија,M,10929
2018,Број,Гимназија,M,9694
2019,Број,Гимназија,M,8899
2020,Број,Гимназија,M,8451
2021,Број,Гимназија,M,7925
2011,Број,Техничке школе,M,41624
2012,Број,Техничке школе,M,43010
2013,Број,Техничке школе,M,41216
2014,Број,Техничке школе,M,38340
2015,Број,Техничке школе,M,35563
2016,Број,Техничке школе,M,33308
2017,Број,Техничке школе,M,32926
2018,Број,Техничке школе,M,31248
2019,Број,Техничке школе,M,30030
2020,Број,Техничке школе,M,29382
2021,Број,Техничке школе,M,32211
2011,Број,Умјетничке школе,M,657
2012,Број,Умјетничке школе,M,645
2013,Број,Умјетничке школе,M,581
2014,Број,Умјетничке школе,M,512
2015,Број,Умјетничке школе,M,471
2016,Број,Умјетничке школе,M,454
2017,Број,Умјетничке школе,M,432
2018,Број,Умјетничке школе,M,447
2019,Број,Умјетничке школе,M,403
2020,Број,Умјетничке школе,M,411
2021,Број,Умјетничке школе,M,460
2011,Број,Вјерске школе,M,1089
2012,Број,Вјерске школе,M,1138
2013,Број,Вјерске школе,M,1149
2014,Број,Вјерске школе,M,1106
2015,Број,Вјерске школе,M,1070
2016,Број,Вјерске школе,M,1099
2017,Број,Вјерске школе,M,1121
2018,Број,Вјерске школе,M,1075
2019,Број,Вјерске школе,M,1053
2020,Број,Вјерске школе,M,1027
2021,Број,Вјерске школе,M,985
2011,Број,Стручне школ,M,23787
2012,Број,Стручне школ,M,23567
2013,Број,Стручне школ,M,20832
2014,Број,Стручне школ,M,18088
2015,Број,Стручне школ,M,16937
2016,Број,Стручне школ,M,16746
2017,Број,Стручне школ,M,16292
2018,Број,Стручне школ,M,16137
2019,Број,Стручне школ,M,15739
2020,Број,Стручне школ,M,15588
2021,Број,Стручне школ,M,15103
2011,Број,Средње школе за дјецу са посебним потребама,M,259
2012,Број,Средње школе за дјецу са посебним потребама,M,281
2013,Број,Средње школе за дјецу са посебним потребама,M,275
2014,Број,Средње школе за дјецу са посебним потребама,M,247
2015,Број,Средње школе за дјецу са посебним потребама,M,243
2016,Број,Средње школе за дјецу са посебним потребама,M,246
2017,Број,Средње школе за дјецу са посебним потребама,M,234
2018,Број,Средње школе за дјецу са посебним потребама,M,220
2019,Број,Средње школе за дјецу са посебним потребама,M,204
2020,Број,Средње школе за дјецу са посебним потребама,M,209
2021,Број,Средње школе за дјецу са посебним потребама,M,165
2011,Број,Оба пола,Ж,80539
2012,Број,Оба пола,Ж,82242
2013,Број,Оба пола,Ж,77468
2014,Број,Оба пола,Ж,71786
2015,Број,Оба пола,Ж,66520
2016,Број,Оба пола,Ж,63592
2017,Број,Оба пола,Ж,62214
2018,Број,Оба пола,Ж,58654
2019,Број,Оба пола,Ж,56468
2020,Број,Оба пола,Ж,55336
2021,Број,Оба пола,Ж,54341
2011,Број,Гимназија,Ж,25752
2012,Број,Гимназија,Ж,26446
2013,Број,Гимназија,Ж,25236
2014,Број,Гимназија,Ж,23330
2015,Број,Гимназија,Ж,20897
2016,Број,Гимназија,Ж,19236
2017,Број,Гимназија,Ж,18662
2018,Број,Гимназија,Ж,17037
2019,Број,Гимназија,Ж,15918
2020,Број,Гимназија,Ж,15416
2021,Број,Гимназија,Ж,14760
2011,Број,Техничке школе,Ж,42080
2012,Број,Техничке школе,Ж,43529
2013,Број,Техничке школе,Ж,41527
2014,Број,Техничке школе,Ж,39048
2015,Број,Техничке школе,Ж,36546
2016,Број,Техничке школе,Ж,35435
2017,Број,Техничке школе,Ж,34969
2018,Број,Техничке школе,Ж,33458
2019,Број,Техничке школе,Ж,32816
2020,Број,Техничке школе,Ж,32429
2021,Број,Техничке школе,Ж,29278
2011,Број,Умјетничке школе,Ж,857
2012,Број,Умјетничке школе,Ж,875
2013,Број,Умјетничке школе,Ж,864
2014,Број,Умјетничке школе,Ж,779
2015,Број,Умјетничке школе,Ж,745
2016,Број,Умјетничке школе,Ж,749
2017,Број,Умјетничке школе,Ж,722
2018,Број,Умјетничке школе,Ж,719
2019,Број,Умјетничке школе,Ж,736
2020,Број,Умјетничке школе,Ж,740
2021,Број,Умјетничке школе,Ж,895
2011,Број,Вјерске школе,Ж,1006
2012,Број,Вјерске школе,Ж,1128
2013,Број,Вјерске школе,Ж,1109
2014,Број,Вјерске школе,Ж,1116
2015,Број,Вјерске школе,Ж,1119
2016,Број,Вјерске школе,Ж,1128
2017,Број,Вјерске школе,Ж,1188
2018,Број,Вјерске школе,Ж,1170
2019,Број,Вјерске школе,Ж,1144
2020,Број,Вјерске школе,Ж,1169
2021,Број,Вјерске школе,Ж,1165
2011,Број,Стручне школ,Ж,10692
2012,Број,Стручне школ,Ж,10105
2013,Број,Стручне школ,Ж,8582
2014,Број,Стручне школ,Ж,7375
2015,Број,Стручне школ,Ж,7058
2016,Број,Стручне школ,Ж,6896
2017,Број,Стручне школ,Ж,6527
2018,Број,Стручне школ,Ж,6143
2019,Број,Стручне школ,Ж,5742
2020,Број,Стручне школ,Ж,5466
2021,Број,Стручне школ,Ж,5207
2011,Број,Средње школе за дјецу са посебним потребама,Ж,152
2012,Број,Средње школе за дјецу са посебним потребама,Ж,159
2013,Број,Средње школе за дјецу са посебним потребама,Ж,150
2014,Број,Средње школе за дјецу са посебним потребама,Ж,138
2015,Број,Средње школе за дјецу са посебним потребама,Ж,155
2016,Број,Средње школе за дјецу са посебним потребама,Ж,148
2017,Број,Средње школе за дјецу са посебним потребама,Ж,146
2018,Број,Средње школе за дјецу са посебним потребама,Ж,127
2019,Број,Средње школе за дјецу са посебним потребама,Ж,112
2020,Број,Средње школе за дјецу са посебним потребама,Ж,116
2021,Број,Средње школе за дјецу са посебним потребама,Ж,103
